employee_id,age,gender,department,job_level,education,tenure_years,remote_work_status,weekly_hours_worked,digital_skills_score,tech_adoption_score,RO1_too_much_work,RO2_workload_is_fair,RO3_never_enough_time,B1_emotionally_drained,B2_used_up_end_of_day,B3_feel_energetic,B4_burned_out,B5_frustrated_by_job,JS1_overall_satisfied,JS2_job_is_meaningless,JS3_sense_of_pride,JS4_job_is_enjoyable,wellbeing_score,productivity_score,turnover_intention
98,37,female,Operations,Mid,Master degree,4.8,onsite,38.4,3.52,48.8,1,5,3,4,2,4,4.0,2,5,4.0,6,7,64.1,62.8,No
217,33,Female,IT,Senior,Bachelor degree,1.7,hybrid,36.7,5.61,82.9,7,4,3,4,5,3,5.0,5,5,5.0,6,5,54.4,68.6,No
287,47,F,IT,Mid,Master degree,3.7,Remote,55.7,4.89,74.7,5,5,4,4,5,4,4.0,3,5,3.0,6,7,62.2,74.9,No
296,38,Male,IT,Mid,Bachelor degree,9.0,Work From Home,32.9,4.64,66.5,4,6,3,3,1,5,3.0,2,7,2.0,6,6,74.9,74.0,No
189,53,F,Operations,Mid,Master degree,4.0,Hybrid,40.0,5.02,60.7,3,5,2,5,5,4,5.0,6,6,4.0,5,6,59.2,69.0,No
195,41,F,Marketing,Mid,PhD,11.3,Onsite,36.3,3.64,53.4,7,2,6,7,6,2,7.0,6,2,5.0,5,4,47.5,73.2,No
119,23,female,Operations,Senior,Bachelor degree,2.8,Onsite,45.1,3.41,58.7,3,6,3,1,4,6,2.0,2,7,3.0,6,6,74.0,71.6,No
87,22,female,Marketing,Entry,Master degree,1.3,hybrid,37.8,3.98,77.5,4,4,7,4,2,4,2.0,4,5,5.0,5,6,87.2,86.1,No
75,43,M,Finance,Senior,Bachelor degree,1.5,Onsite,47.4,4.3,54.0,5,4,5,5,4,2,4.0,6,5,4.0,4,5,56.4,51.1,No
250,41,female,Finance,Entry,Bachelor degree,7.4,HYBRID,39.5,4.53,73.6,4,3,4,4,2,5,3.0,2,5,5.0,4,4,63.4,78.4,No
58,33,Female,Finance,Senior,Bachelor degree,9.9,Remote,44.2,5.72,90.7,5,5,6,3,1,5,1.0,2,4,5.0,6,3,69.9,93.1,No
114,20,F,Operations,Executive,Bachelor degree,8.1,Hybrid,41.9,4.21,57.8,5,5,3,2,3,4,3.0,3,7,4.0,6,6,63.4,70.8,No
156,20,female,Marketing,Senior,High school,-3.0,Hybrid,27.6,3.96,89.4,2,5,3,1,2,6,1.0,3,4,4.0,4,5,85.0,74.7,No
285,44,F,IT,Senior,Master degree,4.4,On-site,41.6,4.67,70.7,4,4,4,5,5,3,3.0,3,6,4.0,5,6,59.8,72.4,No
61,27,M,Marketing,Senior,Master degree,1.4,onsite,41.9,,64.3,6,4,7,7,6,3,6.0,5,6,5.0,6,5,41.5,69.8,No
200,41,Male,IT,Mid,Master degree,2.9,Hybrid,43.4,5.71,81.7,2,5,4,4,3,4,4.0,3,3,6.0,5,5,61.3,61.7,No
180,38,F,IT,Entry,High school,1.9,HYBRID,47.0,5.67,81.3,5,5,5,5,4,2,6.0,6,3,5.0,5,4,21.6,65.7,No
4,30,Female,HR,Mid,Bachelor degree,8.2,On-site,39.4,4.91,53.8,5,5,6,7,7,1,6.0,5,2,5.0,2,4,25.1,58.6,No
111,29,male,Marketing,Senior,Master degree,2.7,onsite,35.2,4.95,84.6,5,3,5,5,7,1,5.0,6,5,5.0,4,4,32.4,84.1,Yes
317,43,F,IT,Senior,Bachelor degree,2.0,HYBRID,32.8,6.02,77.6,5,4,4,4,2,5,3.0,5,2,6.0,4,3,52.3,71.5,No
290,20,Non-binary,HR,Entry,Bachelor degree,4.3,hybrid,29.8,2.69,51.2,5,2,5,5,5,4,2.0,4,2,6.0,5,2,43.3,66.3,No
168,35,Female,Finance,Mid,Bachelor degree,6.4,remote,37.5,5.1,69.6,2,5,1,3,3,3,2.0,3,6,5.0,6,5,66.1,79.9,No
232,51,M,Marketing,Mid,Bachelor degree,2.9,On-site,50.4,4.46,64.8,1,4,4,4,3,4,5.0,4,6,2.0,6,7,69.7,56.7,No
126,38,Male,Marketing,Entry,Master degree,6.7,Work From Home,51.3,5.08,59.4,4,4,6,4,6,2,6.0,5,4,7.0,4,5,46.4,73.4,No
29,49,Male,Finance,Senior,Bachelor degree,4.5,Onsite,38.9,3.7,59.3,4,3,2,3,5,3,4.0,4,6,6.0,4,6,41.2,69.8,No
264,22,Female,Operations,Entry,PhD,0.1,HYBRID,44.9,3.8,61.8,5,3,4,4,5,3,5.0,5,5,5.0,4,4,56.1,74.3,No
102,28,Prefer not to say,IT,Entry,Bachelor degree,3.5,Work From Home,51.2,6.96,100.0,4,4,4,3,4,4,4.0,3,6,4.0,6,5,59.0,93.0,Yes
270,41,male,HR,Mid,Master degree,1.8,On-site,39.7,4.51,68.4,3,4,5,7,3,1,4.0,6,3,6.0,5,4,27.9,60.3,No
31,30,F,HR,Mid,Bachelor degree,3.8,hybrid,50.9,5.27,67.7,2,5,4,2,3,5,5.0,3,7,4.0,5,5,62.3,60.2,No
67,30,Male,IT,Mid,Bachelor degree,3.3,HYBRID,36.5,5.95,83.9,4,6,6,3,2,6,1.0,2,5,3.0,5,6,70.6,71.7,No
237,49,F,Operations,Senior,Bachelor degree,3.6,HYBRID,38.7,3.27,41.8,3,5,4,4,3,5,4.0,5,5,4.0,4,3,55.8,64.0,No
115,43,F,Marketing,Entry,Bachelor degree,4.0,Onsite,36.1,4.76,49.0,6,3,5,5,6,2,4.0,5,6,6.0,6,6,52.9,63.4,No
300,24,Male,Operations,Entry,Bachelor degree,5.5,HYBRID,41.7,5.53,86.5,5,4,5,4,4,5,3.0,3,6,2.0,6,4,64.2,73.5,No
26,44,M,Operations,Mid,Master degree,3.7,Work From Home,35.8,3.29,50.6,2,5,3,4,3,6,2.0,3,7,3.0,7,7,63.4,59.4,No
133,61,male,IT,Mid,Master degree,5.4,HYBRID,42.9,6.15,76.0,5,3,7,5,3,3,6.0,5,4,7.0,3,5,47.1,68.4,No
315,41,M,Finance,Executive,Master degree,4.8,onsite,46.5,4.08,68.3,3,5,5,3,2,5,2.0,3,7,4.0,5,5,65.9,45.6,No
275,43,M,Finance,Entry,Master degree,6.4,Hybrid,35.4,5.04,58.6,3,5,4,3,2,6,4.0,3,7,2.0,5,7,83.3,81.5,No
231,35,Male,Operations,Mid,Bachelor degree,1.9,Hybrid,47.3,4.44,85.8,4,5,4,3,2,4,1.0,2,4,,4,6,71.8,74.1,No
103,46,male,Finance,Mid,Bachelor degree,2.0,hybrid,34.2,5.85,74.9,5,2,4,7,5,1,6.0,5,5,4.0,6,5,49.8,67.0,No
90,46,male,IT,Entry,Bachelor degree,1.7,Hybrid,36.3,6.16,96.0,5,1,6,7,7,2,6.0,4,7,1.0,6,5,50.7,81.7,No
105,26,Male,Operations,Senior,PhD,6.2,hybrid,33.3,3.68,55.6,5,2,5,2,2,4,2.0,2,6,5.0,5,6,72.3,71.4,No
81,42,female,Operations,Mid,Bachelor degree,1.5,HYBRID,34.6,3.61,66.6,4,4,5,4,3,3,2.0,5,3,5.0,5,5,60.4,77.8,No
16,33,male,Marketing,Entry,Bachelor degree,3.4,HYBRID,47.4,5.29,86.7,3,6,3,1,2,6,1.0,1,5,2.0,7,7,93.6,82.5,No
177,37,Female,IT,Senior,Bachelor degree,16.3,HYBRID,43.6,5.79,76.7,5,5,4,6,6,6,6.0,4,5,4.0,4,5,46.4,70.8,No
91,28,female,IT,Entry,High school,0.5,hybrid,37.7,6.59,100.0,4,3,5,6,5,3,4.0,6,3,7.0,3,2,41.5,80.6,No
74,32,female,HR,Senior,Bachelor degree,1.2,hybrid,39.0,4.14,72.2,6,3,4,2,5,3,5.0,6,5,6.0,5,4,44.1,81.8,No
38,38,Female,Finance,Mid,Bachelor degree,2.9,HYBRID,37.8,4.22,81.2,4,3,5,6,5,1,6.0,3,4,4.0,5,4,40.2,73.5,No
3,20,Non-binary/Other,HR,Mid,Master degree,10.6,Hybrid,48.7,4.37,71.2,5,3,6,6,4,5,3.0,2,6,4.0,5,6,69.5,68.9,No
201,35,Female,Marketing,Mid,Master degree,2.0,HYBRID,41.7,3.67,66.1,5,3,6,5,4,2,6.0,5,6,4.0,6,6,56.0,77.3,No
15,28,Female,Finance,Entry,High school,1.3,WFH,43.1,4.41,76.1,5,2,5,6,3,3,,6,5,6.0,5,6,64.7,82.3,Yes
304,32,Female,Marketing,Entry,Bachelor degree,5.8,WFH,46.2,3.48,69.7,3,5,4,3,5,4,5.0,7,3,6.0,5,4,47.5,79.8,No
307,38,Female,Marketing,Mid,High school,3.7,Hybrid,31.1,4.05,52.1,4,5,3,5,6,2,7.0,4,3,5.0,4,3,45.2,62.0,No
140,44,F,Operations,Mid,Bachelor degree,14.9,Onsite,24.3,6.4,91.1,5,5,4,4,2,5,4.0,5,7,2.0,7,6,68.6,86.1,No
161,30,Male,Marketing,Senior,Master degree,5.7,onsite,27.3,5.12,77.2,7,2,7,5,5,4,6.0,6,5,5.0,5,3,26.2,75.3,No
178,36,Male,Marketing,Mid,Bachelor degree,1.1,onsite,42.0,4.73,69.4,4,4,5,5,4,4,4.0,4,6,4.0,5,5,57.7,72.6,No
302,32,Prefer not to say,HR,Mid,Master degree,4.6,HYBRID,40.6,4.83,68.0,7,3,5,5,5,4,5.0,4,5,6.0,4,5,59.7,65.6,No
66,46,M,Operations,Entry,PhD,12.2,hybrid,43.7,,59.1,5,6,4,2,4,5,3.0,2,7,5.0,6,7,74.1,77.5,No
273,38,F,Operations,Entry,Bachelor degree,2.6,Hybrid,44.5,4.89,73.4,5,5,5,3,2,4,4.0,4,7,4.0,4,4,67.4,82.6,Yes
82,32,M,Operations,Senior,Bachelor degree,0.8,On-site,37.4,3.36,63.8,5,5,5,4,5,5,4.0,6,4,6.0,7,5,49.1,59.4,Yes
236,37,F,IT,Entry,Bachelor degree,2.3,On-site,42.8,5.4,80.5,7,3,7,6,7,4,,5,5,6.0,4,5,45.8,85.7,No
149,52,male,Finance,Senior,Bachelor degree,11.3,Hybrid,38.9,4.67,58.6,4,6,6,2,3,4,3.0,5,6,5.0,4,6,71.9,85.4,No
99,14,F,IT,Senior,Bachelor degree,,Hybrid,46.8,5.56,88.8,5,2,5,3,3,5,1.0,2,5,3.0,6,6,65.7,88.9,No
109,33,Female,Operations,Entry,Master degree,4.1,onsite,36.7,4.82,79.0,3,6,4,5,5,2,5.0,4,3,7.0,2,3,35.0,59.4,Yes
146,34,male,IT,Entry,PhD,10.8,onsite,42.1,6.13,84.0,6,4,5,4,5,3,,4,4,4.0,3,2,51.6,63.9,Yes
85,44,Female,IT,Mid,High school,3.6,HYBRID,35.4,6.06,66.2,6,5,3,2,3,7,2.0,5,6,7.0,6,3,67.7,67.3,Yes
139,28,Male,Marketing,Mid,Bachelor degree,2.4,HYBRID,51.4,4.89,68.2,3,5,4,2,3,5,4.0,4,7,3.0,5,7,65.0,71.5,No
292,44,female,Operations,Executive,Bachelor degree,1.6,hybrid,45.0,4.56,62.7,6,1,5,7,5,3,5.0,6,4,4.0,5,5,38.3,66.5,Yes
130,41,male,Operations,Senior,Master degree,3.8,remote,25.3,4.61,74.3,5,4,3,2,4,5,3.0,3,3,6.0,2,3,52.6,69.1,Yes
274,42,Male,Operations,Senior,Master degree,5.1,Hybrid,43.7,4.54,52.5,3,3,4,5,5,3,6.0,5,5,5.0,4,4,51.3,61.6,No
71,32,Male,IT,Entry,Master degree,0.9,Hybrid,42.5,5.16,86.0,6,1,7,4,5,3,5.0,4,5,5.0,5,6,43.9,65.0,No
245,39,Male,IT,Entry,Bachelor degree,6.3,HYBRID,39.4,6.53,95.3,5,4,4,6,7,1,7.0,3,4,6.0,4,3,55.6,87.7,No
259,42,Female,IT,Entry,,6.8,hybrid,29.0,5.54,74.7,4,5,4,3,5,3,3.0,2,5,,3,4,50.1,69.1,No
303,41,M,Marketing,Mid,Master degree,3.2,Onsite,24.4,3.56,54.0,4,6,2,5,4,2,5.0,4,6,4.0,5,6,39.7,54.3,No
89,30,Female,IT,Mid,High school,0.9,On-site,39.4,6.26,88.2,6,3,7,6,3,1,5.0,5,5,4.0,5,5,45.1,89.2,No
174,46,Female,IT,Senior,Bachelor degree,7.7,Onsite,44.1,4.53,72.2,5,4,6,2,1,6,3.0,2,5,3.0,5,6,78.8,79.2,Yes
271,46,F,Operations,Entry,High school,4.4,HYBRID,48.3,7.0,92.8,6,4,4,4,3,4,4.0,5,4,6.0,5,5,54.4,75.7,No
254,21,Prefer not to say,Marketing,Entry,Master degree,2.8,Hybrid,40.9,3.14,77.3,7,3,7,5,5,2,5.0,4,4,3.0,6,5,55.0,57.5,No
19,33,female,Marketing,Entry,Bachelor degree,8.3,Hybrid,35.1,5.36,77.3,7,5,7,5,5,3,5.0,4,4,5.0,2,3,47.0,68.6,No
127,33,female,Operations,Mid,Master degree,6.2,On-site,32.4,4.34,80.1,5,2,5,4,3,3,6.0,2,6,3.0,5,7,72.3,79.3,Yes
100,36,M,IT,Senior,Bachelor degree,4.4,HYBRID,35.5,5.97,73.1,3,5,4,6,5,3,4.0,4,5,4.0,4,7,51.3,67.8,No
21,43,female,IT,Mid,Master degree,1.9,On-site,44.5,5.08,70.7,4,5,2,2,3,5,3.0,1,4,4.0,6,6,65.6,61.9,No
56,27,male,HR,Mid,Bachelor degree,1.0,WFH,34.5,7.0,97.2,3,6,3,4,5,3,3.0,4,4,6.0,4,6,45.0,83.6,Yes
308,54,Male,HR,Mid,Master degree,7.0,Work From Home,39.0,,68.4,5,4,4,4,5,2,5.0,5,4,5.0,5,2,36.5,59.2,No
268,21,Male,IT,Entry,Bachelor degree,3.5,WFH,34.6,7.0,94.3,6,3,4,4,4,5,3.0,3,6,6.0,6,5,77.7,76.3,No
284,37,Female,HR,Senior,Bachelor degree,3.2,Hybrid,36.3,4.92,82.1,6,2,5,4,5,4,7.0,5,2,7.0,2,1,29.1,76.4,No
164,35,male,IT,Executive,Bachelor degree,1.8,WFH,35.7,5.6,74.3,4,5,5,3,3,5,4.0,2,7,3.0,6,7,80.7,66.1,No
54,33,female,Marketing,Mid,High school,2.8,On-site,41.3,3.84,58.0,5,5,4,4,4,1,4.0,4,5,4.0,5,4,57.3,68.5,Yes
297,36,F,Operations,Entry,PhD,6.6,Hybrid,44.2,4.02,64.0,4,5,2,5,4,4,4.0,6,4,5.0,3,5,55.3,57.9,No
23,36,male,Operations,Mid,Master degree,1.3,onsite,37.8,6.12,71.1,3,6,3,3,3,4,2.0,3,5,5.0,5,4,63.3,70.5,Yes
226,24,Male,HR,Senior,,0.8,remote,39.5,5.92,88.1,6,4,4,4,2,2,6.0,4,3,6.0,2,3,52.1,98.4,No
299,46,M,IT,Entry,Bachelor degree,9.4,HYBRID,41.8,6.55,84.0,5,4,4,6,5,1,6.0,5,6,5.0,6,6,42.1,81.4,No
148,34,M,Finance,Entry,Bachelor degree,2.7,Work From Home,45.3,6.3,84.9,2,6,3,4,4,4,2.0,4,5,5.0,4,5,53.6,72.9,No
229,30,F,IT,Mid,Bachelor degree,3.5,hybrid,41.5,4.25,71.3,4,5,4,2,4,4,3.0,2,5,4.0,5,4,62.5,72.6,No
17,33,Male,IT,Mid,Master degree,5.3,remote,45.2,5.8,79.3,4,5,5,4,4,4,5.0,4,5,6.0,5,5,58.6,73.7,Yes
227,44,Non-binary/Other,Marketing,Senior,Master degree,3.0,onsite,35.8,4.93,84.8,5,3,6,3,3,6,2.0,1,4,5.0,3,3,59.7,70.2,No
194,27,M,Operations,Entry,Bachelor degree,8.4,Onsite,36.1,5.89,90.2,5,2,5,7,6,1,6.0,6,5,4.0,3,5,45.5,85.4,No
116,33,male,HR,Senior,Master degree,6.2,Onsite,34.4,4.85,67.3,4,3,5,3,2,6,4.0,4,5,3.0,6,5,62.3,87.0,No
95,35,F,Finance,Entry,High school,5.5,Onsite,37.1,5.8,66.0,7,4,5,3,4,5,5.0,4,5,5.0,3,4,54.0,58.8,No
298,22,male,HR,Entry,Bachelor degree,2.8,onsite,46.0,5.1,88.4,4,5,3,3,5,6,2.0,3,6,6.0,6,5,68.3,74.0,No
123,42,M,IT,Entry,Bachelor degree,1.2,Onsite,46.7,5.13,72.3,4,7,4,2,4,4,3.0,4,6,3.0,5,7,57.1,81.4,No
316,23,Male,IT,Mid,Master degree,1.4,onsite,40.4,6.19,96.2,5,1,4,3,4,3,3.0,4,6,4.0,4,4,59.5,67.5,Yes
92,20,F,Operations,Mid,High school,1.6,Onsite,,5.53,71.1,4,5,4,7,6,2,6.0,7,2,7.0,4,2,23.6,60.8,No
207,28,female,Operations,Entry,High school,11.9,WFH,39.7,5.98,78.0,4,6,4,2,2,7,2.0,2,4,6.0,4,5,78.1,78.7,Yes
277,37,Male,Operations,Mid,Bachelor degree,5.6,WFH,37.7,5.85,80.7,3,6,4,4,4,4,3.0,4,5,5.0,5,5,61.9,88.7,Yes
175,43,male,HR,Executive,Bachelor degree,4.6,Onsite,37.6,6.2,83.4,4,5,4,5,4,2,7.0,6,3,7.0,3,3,44.1,59.1,No
142,20,male,IT,Entry,Bachelor degree,0.2,On-site,42.5,5.14,73.7,6,4,7,4,7,1,6.0,4,5,6.0,6,3,47.4,75.0,No
294,30,Female,IT,Mid,Bachelor degree,3.5,Remote,36.0,4.93,95.9,5,5,4,4,4,6,2.0,1,6,4.0,7,6,77.6,88.1,No
269,33,female,HR,Mid,PhD,8.7,HYBRID,39.6,5.5,72.4,6,4,3,4,4,4,5.0,4,4,6.0,5,4,46.9,54.6,No
25,42,F,IT,Mid,Bachelor degree,10.7,Remote,37.8,4.38,84.5,4,4,6,3,3,4,2.0,4,6,6.0,6,5,57.8,71.3,No
278,35,Female,IT,Entry,Bachelor degree,3.8,hybrid,46.7,6.7,91.6,6,6,7,4,5,3,2.0,4,6,6.0,5,4,68.8,86.1,No
243,45,M,IT,Entry,Bachelor degree,11.7,onsite,39.7,4.42,66.3,4,4,5,3,3,5,3.0,2,5,5.0,5,5,56.8,74.3,No
272,26,male,Operations,Entry,Bachelor degree,10.1,WFH,168.0,4.6,90.4,3,6,4,5,4,4,5.0,3,5,3.0,4,5,51.4,84.7,No
209,37,Female,Finance,Executive,Bachelor degree,3.6,HYBRID,46.5,4.33,55.4,4,4,6,4,4,2,3.0,4,6,5.0,5,5,63.0,71.8,No
63,43,Female,Marketing,Senior,Bachelor degree,26.9,Onsite,32.5,2.97,55.3,4,4,4,6,6,2,7.0,5,4,7.0,4,5,25.0,61.6,No
267,25,F,Operations,Entry,PhD,9.6,On-site,35.4,3.44,56.9,2,6,4,5,4,5,4.0,4,5,5.0,5,3,65.2,81.5,Yes
79,32,Female,IT,Mid,Master degree,6.5,On-site,41.0,2.84,85.5,5,4,5,4,3,5,,5,5,5.0,5,4,52.0,87.9,No
154,30,Non-binary,Operations,Mid,Master degree,3.7,WFH,36.4,6.47,80.9,6,3,6,4,4,3,4.0,4,3,7.0,3,2,31.1,62.6,No
51,39,female,IT,Entry,High school,9.6,HYBRID,47.7,3.94,81.1,3,6,2,3,2,5,2.0,4,6,4.0,6,5,63.1,83.7,No
151,32,Female,Operations,Mid,,4.5,HYBRID,43.2,6.05,83.0,7,3,5,4,5,1,4.0,3,4,4.0,4,4,49.8,82.2,Yes
112,45,male,Marketing,Mid,Master degree,3.2,Hybrid,45.9,5.08,61.4,4,3,6,5,3,4,3.0,3,5,4.0,5,5,68.9,77.3,No
185,23,male,HR,Senior,Bachelor degree,0.3,On-site,30.6,4.75,75.2,2,5,3,2,5,3,3.0,4,4,5.0,5,5,58.8,64.0,Yes
155,33,female,IT,Senior,Bachelor degree,0.9,Work From Home,34.3,5.69,100.0,1,7,2,1,1,7,1.0,1,7,3.0,4,7,85.1,99.8,No
223,41,Male,Marketing,Senior,Master degree,4.6,HYBRID,44.5,3.4,52.3,2,6,4,3,3,5,3.0,3,5,4.0,6,7,79.5,71.8,No
173,29,Female,IT,Entry,Bachelor degree,5.1,HYBRID,44.2,5.83,93.2,7,5,6,5,4,2,5.0,3,4,6.0,4,4,36.0,77.7,No
53,52,Prefer not to say,Marketing,Mid,Bachelor degree,5.8,On-site,44.1,4.51,50.4,4,6,5,4,4,4,3.0,5,6,4.0,6,6,68.6,54.7,Yes
224,25,Female,IT,Executive,Master degree,7.8,HYBRID,45.3,5.63,83.6,1,7,2,2,2,5,2.0,1,6,3.0,7,7,64.4,87.6,No
238,34,female,HR,Entry,Bachelor degree,1.7,On-site,50.7,4.45,69.4,4,4,4,5,4,4,3.0,3,6,4.0,5,5,76.6,68.5,Yes
62,43,Female,IT,Executive,High school,2.8,HYBRID,34.9,5.78,82.2,2,6,3,3,4,5,5.0,4,6,3.0,6,7,69.1,73.9,No
214,39,M,HR,Entry,Bachelor degree,2.0,Hybrid,40.7,3.11,50.1,5,3,5,7,7,1,7.0,7,4,5.0,4,4,28.4,47.7,Yes
218,29,male,Finance,Mid,High school,2.1,Remote,31.1,3.7,63.2,6,1,6,4,6,2,5.0,7,6,4.0,4,5,49.2,69.1,No
187,26,Male,Operations,Mid,Master degree,1.2,On-site,45.3,5.2,78.0,5,4,4,7,6,2,6.0,5,4,4.0,5,6,49.9,95.5,Yes
70,33,male,Operations,Senior,High school,3.6,onsite,42.6,4.75,76.4,4,5,3,7,5,1,5.0,7,2,5.0,4,4,38.2,70.1,No
37,37,M,Operations,Entry,Master degree,11.6,HYBRID,35.9,2.72,63.6,4,4,5,6,5,4,3.0,5,4,5.0,4,4,40.6,59.5,No
41,38,F,Marketing,Mid,Bachelor degree,2.9,remote,49.1,5.31,66.3,4,4,4,3,3,2,3.0,5,3,6.0,3,4,63.7,74.3,No
221,30,male,Operations,Mid,Bachelor degree,2.6,Onsite,35.9,3.82,77.3,4,6,5,3,6,3,6.0,3,7,3.0,4,6,56.1,79.1,No
12,52,male,IT,Entry,Bachelor degree,3.4,hybrid,45.0,5.9,66.7,2,5,3,5,3,4,3.0,5,4,5.0,5,3,80.4,79.2,Yes
255,32,Male,HR,Executive,Master degree,6.0,onsite,47.1,5.28,72.6,3,4,5,5,4,1,6.0,4,5,6.0,4,4,43.6,67.2,No
128,50,M,Operations,Mid,High school,4.5,onsite,35.9,4.66,60.0,6,3,6,4,4,4,4.0,3,7,3.0,7,5,79.4,76.5,Yes
47,50,male,IT,Executive,High school,8.5,On-site,43.1,7.0,92.9,4,3,4,3,3,3,7.0,5,5,6.0,3,4,43.0,85.7,No
160,35,Male,Marketing,Senior,Master degree,1.3,On-site,36.6,3.2,57.0,6,5,7,3,3,4,2.0,4,4,,5,3,49.7,63.8,No
239,54,Male,Operations,Entry,Bachelor degree,2.5,HYBRID,29.5,5.89,65.5,4,6,4,4,4,3,6.0,5,3,6.0,6,3,49.6,53.9,No
129,26,male,Marketing,Mid,Bachelor degree,3.5,Onsite,43.2,5.01,74.5,2,7,3,3,1,7,2.0,1,5,4.0,5,6,88.7,90.7,No
8,49,M,Finance,Entry,Master degree,7.0,hybrid,46.2,4.95,65.6,6,2,6,3,6,2,6.0,6,1,7.0,2,1,17.7,58.2,No
286,34,male,IT,Mid,Bachelor degree,12.4,Hybrid,34.4,5.06,92.5,4,5,4,5,3,1,5.0,4,6,4.0,4,5,53.3,74.0,No
208,48,Female,Operations,Senior,Bachelor degree,11.9,HYBRID,46.7,6.1,86.2,3,5,3,3,4,2,4.0,3,5,4.0,7,5,63.4,61.4,No
244,28,M,Finance,Executive,Bachelor degree,4.1,onsite,44.8,3.65,55.2,4,4,4,5,7,3,6.0,5,3,6.0,5,3,35.2,55.9,No
233,39,female,Marketing,Senior,Bachelor degree,2.6,onsite,45.7,3.78,61.8,2,6,3,3,4,4,3.0,4,5,4.0,6,6,56.1,63.4,No
9,39,female,Operations,Senior,High school,19.3,onsite,28.8,5.25,82.2,6,3,6,4,4,3,6.0,5,4,5.0,6,4,42.5,68.9,Yes
28,43,female,Operations,Executive,Bachelor degree,7.0,onsite,41.6,5.15,50.8,1,5,2,2,1,5,3.0,4,6,5.0,5,5,72.3,78.0,No
289,38,Male,Marketing,Mid,Bachelor degree,3.1,hybrid,50.4,3.13,54.3,5,3,5,7,6,3,7.0,4,3,6.0,4,4,44.3,43.3,No
59,36,Male,Finance,Entry,High school,4.4,hybrid,36.9,6.21,84.2,3,2,7,6,5,3,5.0,5,3,6.0,4,3,43.4,73.6,No
228,33,F,Finance,Mid,Bachelor degree,2.1,HYBRID,46.6,7.0,100.0,3,7,4,4,5,3,3.0,2,5,3.0,5,5,59.0,63.1,No
182,35,Male,Operations,Senior,Master degree,1.7,hybrid,34.1,,61.6,7,2,6,6,7,1,4.0,5,4,7.0,3,4,43.9,57.1,Yes
49,51,F,Operations,Mid,Bachelor degree,4.6,onsite,41.4,4.73,70.5,2,5,6,3,4,4,7.0,5,5,5.0,4,4,55.7,92.2,Yes
171,36,M,IT,Senior,Bachelor degree,4.8,onsite,44.5,,81.8,5,4,4,3,4,4,2.0,5,6,5.0,5,5,53.7,68.9,No
32,24,Male,HR,Senior,Master degree,0.2,Onsite,44.2,6.34,91.2,3,5,6,5,5,2,6.0,5,5,6.0,6,4,54.6,82.3,No
2,41,Male,Marketing,Mid,Bachelor degree,4.6,Remote,35.7,3.88,64.1,4,4,4,3,1,3,5.0,3,5,3.0,5,6,76.9,76.7,No
222,41,M,Marketing,Entry,Bachelor degree,2.7,hybrid,30.7,4.19,68.5,4,6,2,3,2,5,5.0,3,3,5.0,6,6,71.3,67.0,No
14,35,female,IT,Executive,Bachelor degree,1.1,Work From Home,42.8,6.47,100.0,4,7,5,3,4,4,3.0,3,7,3.0,6,5,69.6,87.6,No
10,20,Female,Marketing,Entry,Master degree,1.0,On-site,42.0,2.7,59.0,3,5,5,4,2,7,3.0,3,6,4.0,7,6,70.8,55.5,No
147,32,Female,Operations,Entry,Master degree,9.3,HYBRID,38.6,5.16,74.6,4,2,6,3,4,2,5.0,5,3,5.0,5,2,38.3,57.3,Yes
305,52,female,Marketing,Entry,Master degree,9.1,remote,39.6,5.32,71.8,3,6,3,3,4,5,4.0,4,5,6.0,4,4,59.4,72.9,No
96,31,Male,Marketing,Entry,Master degree,4.9,On-site,45.7,3.63,58.3,4,3,4,7,7,3,6.0,5,3,6.0,5,2,26.0,48.0,Yes
35,20,F,HR,Mid,Master degree,6.0,remote,28.5,4.68,77.7,3,4,4,4,4,3,5.0,3,7,3.0,6,6,68.6,77.4,No
97,27,female,HR,Mid,Bachelor degree,1.9,On-site,42.2,4.54,78.2,2,7,2,3,3,5,1.0,2,6,3.0,6,5,69.9,72.1,No
319,29,Male,HR,Senior,Master degree,13.2,Hybrid,43.4,5.16,71.0,2,4,2,4,3,4,3.0,3,4,,3,5,54.8,73.7,Yes
211,47,F,HR,Entry,Bachelor degree,2.4,On-site,46.1,,79.8,3,4,5,5,5,2,6.0,6,4,,3,3,30.1,64.5,Yes
172,34,Female,HR,Entry,Bachelor degree,6.2,remote,42.6,,66.7,4,4,4,3,3,5,4.0,2,5,3.0,6,7,73.8,65.2,Yes
262,26,F,Marketing,Entry,High school,4.9,WFH,27.3,3.36,58.6,3,5,3,3,5,6,4.0,4,6,3.0,5,6,68.1,70.1,No
318,32,Female,IT,Mid,Master degree,1.4,onsite,35.6,5.07,85.1,5,3,5,6,5,2,6.0,6,4,5.0,4,4,40.3,77.8,No
169,43,M,IT,Senior,High school,4.7,remote,45.7,4.69,78.0,3,7,3,3,4,4,2.0,4,4,6.0,5,4,42.5,72.0,No
46,55,M,Operations,Mid,Bachelor degree,17.1,On-site,39.8,3.78,49.9,3,5,3,2,5,3,4.0,5,3,4.0,5,4,49.9,67.0,No
162,29,male,Operations,Senior,,1.6,Hybrid,29.2,6.86,80.9,2,3,3,3,3,4,3.0,4,6,4.0,5,7,61.1,72.5,No
242,38,female,IT,Mid,Master degree,1.4,Remote,52.0,4.24,70.9,4,6,2,3,3,4,4.0,3,5,5.0,6,4,70.2,83.9,No
33,40,Female,IT,Senior,Master degree,16.8,onsite,30.9,5.03,87.4,2,5,3,4,5,3,5.0,5,3,7.0,3,3,27.6,65.8,No
78,43,F,Finance,Entry,Bachelor degree,3.5,Remote,35.8,5.1,88.2,4,3,7,2,5,5,3.0,4,5,4.0,7,6,66.7,95.5,No
260,48,male,Operations,Entry,Bachelor degree,5.5,hybrid,40.9,5.52,67.7,5,6,3,4,5,4,4.0,3,2,5.0,3,3,42.4,53.9,No
134,39,Female,Marketing,Entry,Master degree,5.1,On-site,37.7,4.87,72.8,4,3,5,4,5,3,5.0,3,3,5.0,3,4,56.8,69.3,No
145,32,Female,Marketing,Entry,Master degree,6.8,Remote,38.8,6.17,91.7,6,2,7,4,5,3,4.0,4,4,5.0,5,4,50.4,56.9,No
157,38,F,Operations,Mid,Master degree,6.6,Hybrid,42.2,4.15,69.3,5,4,5,5,5,2,4.0,4,4,6.0,4,5,39.2,75.0,No
64,31,Male,Marketing,Executive,Bachelor degree,2.7,Onsite,40.5,4.94,65.4,6,4,4,4,4,4,3.0,3,6,5.0,5,4,68.4,63.2,No
83,34,Female,Operations,Senior,Master degree,3.4,Hybrid,44.0,5.8,97.0,6,4,5,6,5,3,5.0,4,4,6.0,5,3,45.3,82.5,No
60,26,M,Operations,Entry,Master degree,3.5,hybrid,37.0,6.06,64.4,5,4,5,3,5,4,1.0,5,5,5.0,6,5,49.9,63.0,No
257,48,female,Operations,Entry,Bachelor degree,3.2,hybrid,35.3,5.47,84.1,2,4,4,4,2,3,2.0,1,7,4.0,7,7,58.9,91.4,No
144,27,Female,Marketing,Senior,PhD,0.4,On-site,42.3,4.99,84.4,7,2,5,6,5,2,7.0,5,5,6.0,5,3,35.4,64.6,Yes
42,37,male,Marketing,Entry,Master degree,,Hybrid,46.5,3.93,65.7,4,5,4,5,4,2,5.0,4,5,7.0,4,2,30.1,69.5,No
187,26,Male,Operations,Mid,Master degree,1.2,On-site,45.3,5.2,78.0,5,4,4,7,6,2,6.0,5,4,4.0,5,6,49.9,95.5,Yes
241,47,M,IT,Mid,High school,2.1,Work From Home,38.8,5.89,84.5,3,5,4,3,2,5,5.0,2,4,6.0,3,2,57.6,74.1,No
165,57,Female,Marketing,Senior,Master degree,2.2,hybrid,29.5,2.31,39.5,4,6,5,4,5,5,4.0,4,2,5.0,3,2,59.7,67.3,Yes
110,38,Male,IT,Senior,Bachelor degree,2.7,remote,32.6,3.15,66.8,5,4,4,4,4,4,4.0,4,7,2.0,7,7,75.9,65.7,No
203,28,Male,Operations,Entry,Master degree,2.9,Remote,46.0,3.58,79.7,6,1,6,5,5,3,4.0,3,6,6.0,5,6,50.8,62.8,No
249,43,F,IT,Executive,Bachelor degree,4.9,Remote,45.7,4.0,76.8,2,5,3,3,2,5,3.0,2,6,5.0,6,5,68.5,72.4,No
122,46,F,IT,Mid,Master degree,2.0,hybrid,29.8,6.12,82.3,5,5,5,4,6,4,5.0,4,4,6.0,5,6,50.6,85.2,No
306,46,M,Marketing,Entry,,2.6,Hybrid,39.6,5.27,75.6,4,4,4,4,3,4,5.0,4,5,5.0,5,4,63.1,66.0,No
52,42,Male,Finance,Senior,Master degree,3.3,On-site,35.4,5.49,57.1,5,3,4,5,4,5,5.0,4,4,6.0,4,4,64.3,64.3,No
57,32,female,Finance,Senior,Bachelor degree,4.3,Hybrid,28.5,5.37,69.0,5,3,4,2,2,6,2.0,2,4,3.0,5,5,65.9,78.8,No
265,48,female,Operations,Senior,Bachelor degree,2.2,HYBRID,,4.25,46.8,4,6,3,3,1,5,3.0,3,6,6.0,4,5,67.2,57.4,No
159,130,M,HR,Entry,Bachelor degree,1.8,hybrid,45.9,5.7,75.9,2,4,2,2,3,5,3.0,3,5,4.0,6,6,57.8,68.4,No
86,27,female,Finance,Mid,Bachelor degree,2.9,Hybrid,38.0,5.28,87.3,5,4,4,5,6,4,6.0,4,3,6.0,3,5,55.7,79.1,No
121,35,male,Operations,Executive,PhD,8.5,HYBRID,40.4,6.27,86.8,6,3,5,4,4,4,4.0,3,5,6.0,4,3,48.9,78.7,Yes
311,33,M,IT,Entry,Bachelor degree,6.5,HYBRID,34.1,4.48,72.5,5,3,4,4,4,5,3.0,4,3,6.0,4,4,57.2,76.6,Yes
314,23,Male,IT,Entry,Master degree,1.0,WFH,35.2,5.48,79.1,4,3,4,3,3,4,4.0,5,5,5.0,4,4,43.3,66.9,Yes
64,31,Male,Marketing,Executive,Bachelor degree,2.7,Onsite,40.5,4.94,65.4,6,4,4,4,4,4,3.0,3,6,5.0,5,4,68.4,63.2,No
279,26,Male,Operations,Mid,Master degree,1.7,WFH,40.8,4.95,82.7,4,4,4,4,5,3,5.0,4,4,5.0,5,2,46.4,61.1,No
256,33,F,IT,Senior,Bachelor degree,4.7,onsite,42.6,4.46,87.4,6,3,4,7,6,2,7.0,6,3,7.0,3,3,29.2,72.4,Yes
88,20,M,HR,Mid,Bachelor degree,5.2,onsite,43.0,3.76,45.8,4,6,1,2,2,5,2.0,1,5,4.0,7,7,81.4,63.1,No
301,20,F,IT,Mid,Master degree,3.4,On-site,20.0,3.78,84.3,3,5,4,4,3,4,5.0,3,6,3.0,6,7,79.7,89.5,No
166,21,Female,Finance,Mid,High school,22.0,hybrid,41.4,4.14,81.2,4,5,5,4,6,2,7.0,6,3,6.0,5,3,37.8,67.8,No
144,27,Female,Marketing,Senior,PhD,0.4,On-site,42.3,4.99,84.4,7,2,5,6,5,2,7.0,5,5,6.0,5,3,35.4,64.6,Yes
213,31,Male,IT,Mid,PhD,0.8,HYBRID,22.8,4.35,69.7,5,3,6,3,3,1,4.0,4,6,4.0,5,6,59.0,89.4,No
106,48,Female,IT,Mid,PhD,7.5,Onsite,44.7,6.87,91.3,4,5,2,4,6,2,6.0,5,4,5.0,3,4,28.6,64.3,No
77,29,F,Finance,Mid,Bachelor degree,4.0,HYBRID,39.6,3.28,73.3,1,6,2,4,1,4,2.0,2,5,3.0,6,7,56.6,68.6,Yes
183,32,F,Operations,Executive,Bachelor degree,5.3,onsite,33.4,4.21,58.1,5,3,5,3,3,2,3.0,3,4,7.0,4,2,47.4,57.4,Yes
50,34,F,Finance,Senior,Master degree,2.3,Work From Home,49.7,3.4,61.9,4,4,3,2,4,3,4.0,4,5,4.0,5,7,54.2,72.1,No
247,25,M,Marketing,Entry,Master degree,55.0,Hybrid,32.1,4.13,63.3,6,5,5,7,7,3,6.0,7,3,7.0,3,1,21.0,55.0,No
6,25,Female,IT,Entry,PhD,0.3,HYBRID,32.3,7.0,100.0,5,4,4,3,4,4,2.0,4,5,5.0,7,5,67.5,100.0,Yes
18,31,Female,Operations,Entry,Bachelor degree,4.5,hybrid,39.3,5.32,71.1,4,5,5,5,5,4,3.0,5,4,5.0,5,6,54.3,75.4,No
94,32,M,Marketing,Senior,High school,4.8,On-site,42.5,2.23,47.9,4,4,5,5,6,2,5.0,5,3,6.0,5,4,45.2,63.1,Yes
117,31,Male,Marketing,Entry,PhD,7.5,hybrid,34.7,5.46,91.1,4,5,4,4,3,5,3.0,3,5,5.0,5,6,75.3,71.8,No
263,41,Female,Finance,Entry,Bachelor degree,6.3,Remote,-5.0,4.75,57.6,5,4,3,4,3,5,4.0,3,6,5.0,7,5,63.0,77.8,No
107,48,female,Operations,Entry,Bachelor degree,4.3,Onsite,,4.42,54.3,4,4,1,1,1,7,2.0,1,7,3.0,6,7,74.9,67.8,No
188,32,M,Finance,Entry,High school,12.9,hybrid,27.7,,60.4,5,2,5,4,6,3,5.0,5,4,7.0,3,2,40.2,63.7,No
163,40,F,IT,Senior,High school,7.6,Hybrid,40.8,4.94,82.8,4,5,4,5,5,3,6.0,6,5,6.0,5,5,45.7,72.6,Yes
135,60,Male,Marketing,Executive,PhD,15.3,hybrid,,4.91,67.0,4,4,4,4,3,5,2.0,3,4,5.0,4,5,47.7,69.6,No
266,30,M,Finance,Mid,Bachelor degree,3.7,hybrid,38.3,5.13,82.5,5,4,5,4,4,2,3.0,3,5,6.0,5,4,54.7,73.7,No
215,26,M,Marketing,Mid,Master degree,5.8,onsite,28.4,5.71,62.9,4,6,4,6,6,2,6.0,5,4,5.0,4,4,42.1,64.8,No
191,39,female,IT,Entry,PhD,3.1,Onsite,50.0,6.57,86.2,4,5,4,5,3,4,3.0,4,3,4.0,4,4,60.4,72.9,Yes
65,34,Female,Operations,Entry,,1.1,HYBRID,40.1,4.42,79.2,4,3,5,4,3,5,4.0,3,4,6.0,4,3,51.1,66.9,No
27,40,Female,Marketing,Mid,Master degree,3.1,HYBRID,39.9,4.13,66.2,2,7,2,5,4,5,4.0,4,4,6.0,5,2,56.7,83.2,No
246,40,Non-binary,IT,Mid,Master degree,3.1,On-site,41.5,5.16,91.2,3,5,3,4,2,4,2.0,1,5,4.0,7,6,66.1,87.1,No
170,43,F,Marketing,Executive,Bachelor degree,2.8,Hybrid,41.0,4.77,55.5,5,4,6,4,3,4,4.0,4,6,3.0,7,7,71.5,42.9,No
181,36,male,HR,Entry,Bachelor degree,3.3,WFH,54.2,5.82,79.5,5,4,3,2,3,6,3.0,2,6,3.0,6,7,72.3,88.6,No
101,35,Female,IT,Senior,Bachelor degree,6.8,Onsite,38.4,5.07,78.0,1,7,1,5,4,1,5.0,3,4,6.0,5,4,41.2,50.3,Yes
198,20,female,IT,Mid,High school,8.1,Hybrid,43.6,5.03,77.8,4,6,5,5,5,2,5.0,5,5,5.0,6,5,57.7,82.4,No
235,33,male,IT,Mid,Bachelor degree,0.9,On-site,37.3,4.86,70.9,4,4,4,6,6,1,5.0,5,6,6.0,4,3,47.4,77.5,Yes
210,44,Male,IT,Mid,PhD,1.4,hybrid,38.4,5.98,100.0,3,4,4,5,4,4,6.0,3,6,4.0,6,5,62.9,78.1,No
136,46,Male,Operations,Mid,PhD,2.2,HYBRID,33.2,4.17,64.4,4,4,5,4,2,6,3.0,4,6,5.0,4,4,68.3,56.4,No
281,41,female,IT,Entry,Master degree,1.3,hybrid,45.2,5.92,55.6,4,4,4,3,4,3,4.0,4,5,4.0,6,4,57.2,59.8,No
309,39,Female,Marketing,Mid,Master degree,2.2,onsite,44.7,6.83,100.0,5,5,6,7,3,2,5.0,6,3,7.0,3,5,33.9,90.5,No
283,49,M,Marketing,Senior,Bachelor degree,12.2,Work From Home,,5.92,79.0,5,3,4,3,2,4,3.0,3,4,6.0,4,5,72.8,70.5,Yes
199,37,female,IT,Entry,Master degree,4.0,Onsite,40.4,4.12,75.3,4,6,6,2,5,3,5.0,4,4,6.0,4,3,45.4,55.7,No
118,32,Female,Operations,Mid,High school,4.9,On-site,45.0,4.27,66.6,5,4,4,5,4,3,5.0,5,5,5.0,4,5,54.8,57.9,No
167,35,Male,Operations,Mid,Bachelor degree,6.3,hybrid,31.4,4.0,78.9,5,4,5,7,5,2,6.0,5,4,6.0,3,4,38.2,60.8,No
295,38,male,Marketing,Mid,Bachelor degree,1.1,hybrid,37.9,3.66,57.6,3,6,3,2,5,5,1.0,2,7,3.0,7,7,80.3,68.0,No
137,44,female,IT,Executive,Bachelor degree,3.4,Hybrid,25.9,4.63,72.4,6,4,4,4,5,3,5.0,5,5,4.0,4,5,54.6,82.3,No
30,40,Female,Finance,Mid,Master degree,2.4,On-site,37.3,5.73,79.7,5,5,5,5,7,1,7.0,6,4,6.0,3,3,37.9,76.1,No
80,25,male,HR,Mid,Bachelor degree,17.1,hybrid,30.7,3.93,62.0,2,7,1,1,1,7,1.0,1,7,2.0,7,7,87.1,86.7,No
205,46,Female,HR,Mid,Bachelor degree,2.5,HYBRID,41.3,6.28,82.9,5,4,5,5,3,4,2.0,4,7,3.0,6,6,69.3,67.5,No
141,32,M,Marketing,Entry,Bachelor degree,7.1,Hybrid,41.3,3.83,71.8,4,4,4,2,5,6,4.0,4,2,5.0,5,4,63.2,60.9,No
158,38,female,Marketing,Mid,Master degree,4.0,hybrid,37.9,4.72,75.7,3,7,1,1,1,7,1.0,2,6,3.0,5,6,82.3,80.5,No
132,36,F,IT,Senior,Master degree,4.5,Onsite,33.2,4.98,75.2,5,5,3,7,4,1,7.0,7,4,7.0,2,1,22.6,60.4,No
40,48,F,Marketing,Entry,Bachelor degree,1.6,onsite,39.5,4.64,73.0,4,7,2,4,2,3,2.0,4,6,2.0,6,5,68.7,65.4,No
179,42,male,Marketing,Senior,Master degree,4.6,Hybrid,39.0,7.0,90.1,5,4,4,2,3,5,4.0,3,5,4.0,5,4,63.7,76.9,No
206,34,male,Finance,Entry,Bachelor degree,2.5,remote,29.9,3.78,71.4,5,4,5,2,4,5,1.0,3,6,3.0,5,7,67.6,57.4,No
216,39,Non-binary/Other,IT,Entry,Bachelor degree,1.5,hybrid,41.3,6.2,80.7,2,6,3,2,2,5,1.0,1,3,7.0,4,5,77.3,74.8,Yes
240,31,male,Marketing,Mid,Master degree,2.0,onsite,38.2,3.67,60.4,3,3,5,5,3,4,6.0,3,6,6.0,6,4,61.5,82.5,No
44,33,F,Operations,Entry,Master degree,0.7,HYBRID,28.4,4.68,67.3,4,4,1,5,3,5,3.0,3,5,6.0,5,3,57.9,82.2,No
55,27,Male,HR,Entry,Bachelor degree,3.8,hybrid,43.8,,70.9,5,6,4,4,3,2,4.0,4,5,6.0,3,3,43.1,67.7,Yes
313,49,male,HR,Mid,Bachelor degree,2.2,hybrid,31.8,4.51,66.5,4,4,4,5,5,2,5.0,4,5,4.0,4,6,55.5,46.4,Yes
36,39,Female,HR,Senior,Bachelor degree,4.9,Onsite,42.7,5.56,67.6,4,4,3,3,5,6,,4,7,1.0,6,7,57.7,68.8,No
125,46,F,Finance,Senior,PhD,4.7,onsite,37.4,4.25,55.9,6,4,4,3,7,5,4.0,4,5,4.0,4,6,59.8,78.2,No
143,46,male,Finance,Senior,PhD,11.5,remote,38.9,3.28,54.4,5,3,5,5,7,3,5.0,4,5,2.0,6,6,56.2,73.1,No
111,29,male,Marketing,Senior,Master degree,2.7,onsite,35.2,4.95,84.6,5,3,5,5,7,1,5.0,6,5,5.0,4,4,32.4,84.1,Yes
288,29,Female,IT,Mid,Master degree,2.1,hybrid,47.5,4.59,63.9,4,4,4,2,3,7,3.0,3,6,6.0,7,6,63.0,80.2,No
108,54,male,Operations,Mid,Bachelor degree,1.7,WFH,36.5,4.15,62.0,5,3,4,4,4,3,3.0,3,4,,6,4,61.5,74.4,No
13,31,F,IT,Entry,Master degree,5.6,HYBRID,40.8,5.32,86.9,6,4,4,4,2,5,4.0,3,4,5.0,4,7,60.6,83.0,No
48,59,F,Finance,Entry,PhD,7.5,Remote,39.7,3.24,56.8,5,4,4,3,4,3,2.0,5,5,5.0,7,6,67.9,63.0,No
204,34,female,IT,Mid,Bachelor degree,2.1,On-site,38.7,5.59,88.1,7,4,6,4,1,5,5.0,3,5,4.0,5,5,56.8,71.4,No
282,24,Male,IT,Entry,Master degree,16.6,Hybrid,43.3,4.78,75.0,5,4,5,1,2,5,3.0,2,7,4.0,7,5,71.9,61.4,No
120,28,male,IT,Mid,High school,0.5,onsite,33.9,6.0,84.1,3,5,3,6,5,3,4.0,5,5,6.0,4,5,45.9,77.1,No
22,38,M,Operations,Entry,Bachelor degree,1.1,hybrid,28.8,4.47,52.0,3,6,4,2,2,3,1.0,4,4,4.0,4,7,61.5,77.3,Yes
84,20,Male,Finance,Senior,Bachelor degree,12.9,HYBRID,42.9,2.59,56.9,6,4,5,5,6,5,4.0,5,5,5.0,4,5,43.8,61.5,No
131,41,Female,Operations,Mid,PhD,5.4,On-site,38.1,5.65,74.6,5,4,5,4,4,4,2.0,4,7,3.0,7,4,62.0,71.8,Yes
230,43,F,Operations,Entry,Master degree,1.2,hybrid,40.7,5.42,68.8,5,5,5,5,4,3,1.0,3,5,2.0,5,6,76.5,75.4,No
231,35,Male,Operations,Mid,Bachelor degree,1.9,Hybrid,47.3,4.44,85.8,4,5,4,3,2,4,1.0,2,4,,4,6,71.8,74.1,No
124,43,Female,Operations,Mid,PhD,8.9,On-site,44.8,3.47,50.0,4,4,5,4,5,2,3.0,4,3,4.0,6,5,53.6,69.5,No
34,43,M,Operations,Executive,Master degree,2.3,On-site,37.1,5.01,82.9,7,5,6,4,4,4,4.0,4,5,2.0,7,7,52.9,57.7,No
310,38,M,Operations,Entry,Bachelor degree,2.1,onsite,36.3,4.92,66.6,6,4,5,5,5,2,3.0,6,3,6.0,5,5,38.0,63.0,No
5,42,M,Finance,Senior,Bachelor degree,10.2,Hybrid,35.2,2.86,59.1,3,6,2,2,2,7,1.0,4,7,5.0,6,6,77.1,70.1,No
20,51,female,IT,Entry,PhD,4.2,Onsite,28.3,5.53,77.0,4,6,3,2,4,4,4.0,4,5,3.0,6,5,74.4,88.9,No
220,37,Female,HR,Entry,High school,8.8,onsite,40.4,3.33,52.5,4,5,2,2,1,6,3.0,2,5,6.0,4,5,57.8,57.6,Yes
10,20,Female,Marketing,Entry,Master degree,1.0,On-site,42.0,2.7,59.0,3,5,5,4,2,7,3.0,3,6,4.0,7,6,70.8,55.5,No
150,23,male,IT,Mid,Bachelor degree,6.1,onsite,48.9,5.48,93.0,3,5,3,6,4,4,5.0,3,6,5.0,6,5,61.0,70.1,Yes
225,34,F,IT,Mid,Bachelor degree,2.7,On-site,34.4,5.91,89.5,4,4,3,4,3,4,2.0,3,7,4.0,7,7,75.3,82.9,No
248,30,female,Marketing,Senior,High school,3.2,hybrid,44.6,5.34,82.3,3,6,3,4,4,3,4.0,5,7,4.0,7,6,63.0,77.7,No
293,44,Female,Operations,Senior,Bachelor degree,1.7,hybrid,45.3,2.79,39.0,2,3,4,5,5,2,7.0,6,3,5.0,4,3,25.3,61.7,No
152,30,female,HR,Senior,High school,1.8,onsite,31.2,4.75,84.9,4,5,3,4,4,2,3.0,5,6,4.0,4,5,46.9,75.5,No
234,47,M,Finance,Senior,Master degree,2.7,On-site,47.4,3.53,38.7,6,5,4,3,1,5,3.0,3,3,4.0,5,3,58.5,46.6,No
11,24,M,Marketing,Mid,Bachelor degree,5.9,Hybrid,42.7,4.49,71.8,6,1,6,3,3,5,2.0,1,3,6.0,6,4,63.5,74.3,No
280,37,female,IT,Mid,Master degree,2.1,HYBRID,39.5,6.07,84.3,4,6,2,3,3,2,2.0,4,6,4.0,5,6,64.5,82.1,No
72,22,F,IT,Mid,Bachelor degree,,Onsite,47.1,4.23,87.2,4,5,6,3,5,3,5.0,6,4,6.0,4,3,46.7,66.2,No
253,33,female,Marketing,Entry,Bachelor degree,1.5,onsite,38.5,4.61,73.8,3,2,5,6,7,4,5.0,5,3,6.0,3,4,41.3,62.2,No
93,20,Female,Marketing,Entry,High school,11.1,remote,35.8,5.31,80.3,6,3,6,5,6,4,4.0,4,5,5.0,3,4,60.6,79.5,No
193,27,female,IT,Mid,Bachelor degree,1.4,onsite,21.8,6.71,90.5,4,6,4,6,5,4,6.0,4,5,6.0,3,4,39.8,63.5,No
258,52,female,Marketing,Mid,High school,2.3,Hybrid,52.8,3.79,54.1,4,4,3,5,5,5,2.0,5,5,5.0,4,5,32.7,71.7,No
320,34,M,HR,Entry,Master degree,2.8,Work From Home,39.2,,59.7,3,5,4,2,3,5,2.0,1,7,2.0,6,5,74.7,64.5,No
196,32,female,IT,Mid,Master degree,5.9,onsite,41.6,7.0,100.0,5,2,5,4,4,3,2.0,2,7,4.0,6,6,70.7,100.0,No
138,25,Female,Finance,Senior,Bachelor degree,0.5,Hybrid,42.9,1.58,56.2,4,3,5,5,6,1,5.0,5,3,7.0,4,4,30.4,40.5,No
261,45,Female,Operations,Mid,High school,2.3,Hybrid,46.7,4.62,70.6,4,5,4,5,3,5,5.0,5,5,4.0,5,6,53.5,78.6,No
39,23,F,Finance,Senior,Bachelor degree,1.9,On-site,38.3,3.96,40.0,3,4,3,3,3,5,4.0,5,6,5.0,5,5,56.1,61.1,No
202,47,Female,Marketing,Mid,Bachelor degree,7.8,Hybrid,42.4,3.96,72.2,5,3,4,5,4,2,5.0,6,2,7.0,4,3,47.6,64.5,No
291,48,male,Finance,Senior,Bachelor degree,2.5,WFH,33.6,4.78,61.7,6,4,4,2,1,5,3.0,4,5,3.0,5,4,76.6,68.8,Yes
190,42,Female,Finance,Senior,Bachelor degree,7.5,Hybrid,38.6,5.42,84.9,5,4,5,5,4,4,4.0,4,5,5.0,4,4,53.8,79.4,No
252,43,M,Finance,Entry,PhD,7.2,HYBRID,44.3,4.1,65.6,4,4,2,3,3,5,5.0,3,5,6.0,4,4,67.2,61.6,Yes
113,37,male,HR,Senior,Bachelor degree,1.7,Hybrid,36.7,4.35,56.6,4,4,4,4,4,4,4.0,5,3,5.0,3,3,53.7,67.4,No
184,41,F,Operations,Mid,Bachelor degree,9.9,Hybrid,54.3,4.95,64.3,3,6,4,2,3,4,2.0,3,6,5.0,4,4,81.3,61.3,No
153,42,Female,Operations,Entry,Bachelor degree,4.4,hybrid,40.0,5.88,82.7,7,3,6,5,5,3,5.0,4,5,7.0,3,3,51.8,61.4,Yes
192,25,M,IT,Entry,PhD,0.3,HYBRID,40.6,6.11,98.7,6,4,4,5,5,3,4.0,5,5,4.0,6,5,51.8,64.7,No
45,29,female,Operations,Executive,Master degree,6.4,onsite,51.2,5.04,65.9,4,5,2,3,5,3,4.0,4,6,6.0,4,4,51.2,54.4,No
276,39,female,Marketing,Mid,Master degree,5.1,Onsite,38.3,5.57,69.0,5,5,6,5,6,4,5.0,6,5,5.0,4,4,49.9,71.8,No
7,20,Female,Marketing,Executive,Bachelor degree,,hybrid,40.8,5.65,89.8,3,4,4,3,2,3,3.0,5,7,4.0,6,7,64.5,75.3,No
251,52,Male,Operations,Entry,Bachelor degree,1.6,Onsite,34.8,3.97,53.9,6,3,6,5,6,3,3.0,6,5,4.0,5,5,48.1,72.1,No
312,25,M,Finance,Mid,Bachelor degree,2.2,onsite,44.6,3.38,45.1,6,2,6,6,6,3,6.0,6,4,4.0,6,7,56.5,50.0,No
76,20,Male,Marketing,Entry,Master degree,1.9,remote,37.0,4.94,77.4,4,3,4,5,5,4,2.0,4,6,5.0,4,3,45.0,71.3,No
1,54,Male,Finance,Senior,High school,2.4,Onsite,32.9,4.05,68.2,4,4,3,5,5,1,4.0,5,3,5.0,5,5,48.2,71.2,No
69,44,Male,HR,Entry,Bachelor degree,10.0,hybrid,35.8,4.06,49.9,2,5,3,3,4,5,3.0,2,5,4.0,5,4,81.2,71.0,No
168,35,Female,Finance,Mid,Bachelor degree,6.4,remote,37.5,5.1,69.6,2,5,1,3,3,3,2.0,3,6,5.0,6,5,66.1,79.9,No
219,24,male,HR,Mid,Bachelor degree,4.4,HYBRID,51.6,4.28,56.8,1,6,2,4,4,4,4.0,5,6,5.0,5,7,38.9,62.9,Yes
43,35,male,HR,Entry,Master degree,8.0,WFH,37.5,4.0,74.8,3,5,4,6,7,2,6.0,5,4,6.0,2,2,41.5,73.7,Yes
73,41,female,IT,Senior,Bachelor degree,1.4,Hybrid,42.2,4.05,80.9,4,2,5,4,4,5,6.0,4,2,7.0,4,2,38.0,71.0,No
24,64,Prefer not to say,Finance,Senior,Master degree,10.2,HYBRID,44.5,3.45,56.4,2,5,5,5,4,5,3.0,3,5,5.0,4,6,60.0,61.0,No
186,30,female,IT,Mid,Master degree,5.3,Hybrid,36.7,5.96,71.0,5,5,6,2,5,4,3.0,5,5,4.0,7,7,73.3,70.8,No
104,26,Female,HR,Mid,Master degree,3.5,Hybrid,43.9,4.88,66.1,5,3,5,4,5,3,5.0,5,3,5.0,4,5,48.0,56.8,No
212,29,Male,Finance,Entry,Master degree,4.5,Onsite,41.2,4.06,62.5,7,3,5,5,6,2,5.0,5,4,5.0,6,6,60.0,73.0,Yes
68,29,Non-binary/Other,Operations,Entry,Master degree,1.5,HYBRID,40.4,3.55,64.4,6,2,5,4,5,3,7.0,6,6,6.0,4,3,24.8,59.4,No
26,44,M,Operations,Mid,Master degree,3.7,Work From Home,35.8,3.29,50.6,2,5,3,4,3,6,2.0,3,7,3.0,7,7,63.4,59.4,No
197,34,F,Finance,Entry,Master degree,4.6,hybrid,29.3,5.2,71.9,5,5,4,5,2,2,4.0,4,5,3.0,5,7,62.7,76.9,No
176,28,female,Marketing,Senior,Bachelor degree,2.2,hybrid,34.5,2.78,51.9,4,5,4,4,3,5,4.0,2,5,5.0,5,5,60.4,73.9,No
